item_no,item_name,source_id,evidence_id,claim_id,subject_uri,claim,relation,object_uri,date_value,date_precision,date_value_status,has_estimation,claim_status,date_status,verification_status,review_flag,source_title,source_url,evidence_note,change_history,verification_date
1,오산학교,SRC-101,EVD-101,CLM-OSAN-01,:이승훈,이승훈이 오산학교를 설립하였다.,설립,:오산학교,1907-12,Month,source_stated,false,confirmed,verified,directly_verified,none,오산고등학교,https://encykorea.aks.ac.kr/Article/E0038302,1907년 12월 이승훈이 오산학교를 설립,"v9.1 pre-TTL cleanup; provenance retained | v9.3: 유지 — review_flag=relationship_issue가 있으나 claim_status=confirmed는 그대로 근거가 충분함을 의미하므로 Core에 유지(review_flag와 claim_status는 독립축, Rule G-05). CLM-OSAN-02(개교)만 보류로 분리",2026-08-29
2,대성학교,SRC-002,EVD-002,CLM-002,:안창호,안창호가 평양에 대성학교를 설립하였다.,설립,:대성학교,,,,false,confirmed,not_directly_verified,directly_verified,none,대성학교,https://encykorea.aks.ac.kr/Article/E0014519,,"v9.1 pre-TTL cleanup; retained with direct source/evidence | v9.3: 유지 — 대성학교 설립 관련 중복 가능 Claim(CLM-002/CLM-011)으로 식별됨. 지금 병합하면 개별 Evidence를 잃으므로, 두 Claim과 Evidence를 각각 보존한 채 '동일 Claim+복수 Evidence' 통합 여부는 후속 provenance 정리 과제로 유보 | v9.5: date_status 공란→not_directly_verified 정합화. 대성학교 설립은 특정 시점에 일어난 사건이나, 정확한 날짜를 직접 확인하지 못함",2026-08-29
6,신흥강습소,SRC-115,EVD-115,CLM-003,:이회영,이회영 등이 신흥강습소를 설립하였다.,설립,:신흥강습소,1911-04,Month,source_stated,false,confirmed,verified,directly_verified,none,독립군 아내들의 헌신,https://contents.history.go.kr/front/hm/view.do?levelId=hm_126_0050,1911년 4월 이회영·이시영 형제와 이동녕·이상룡 등이 삼원보에 기지를 마련하고 신흥강습소를 설립,"v9.1 pre-TTL cleanup; provenance retained | v9.3: 유지 — 근거·표현 모두 이상 없음, claim_core.csv 유지 | v9.4: claim 문장을 subject_uri(:이회영)→relation(설립)→object_uri(:신흥강습소) 방향에 맞춰 능동태로 수정. 실제 공동설립자(이회영·이시영·이동녕·이상룡) 전원을 주어에 넣으면 다중 주체 문제가 생기므로 '등'으로 대표 표기, 개별 인물의 별도 공동설립 Claim은 후속 확장 대상",2026-08-29
7,신민회,SRC-001,EVD-001,CLM-001,:신민회,신민회는 1907년 서울에서 조직된 비밀결사이다.,조직,,1907,Year,source_stated,false,confirmed,verified,directly_verified,none,신민회,https://encykorea.aks.ac.kr/Article/E0032974,,"v9.1 pre-TTL cleanup; provenance retained | v9.3: 유지 — 근거·표현 모두 이상 없음, claim_core.csv 유지",2026-08-29
9,북로군정서,SRC-112,EVD-112,CLM-022b,:북로군정서,북로군정서는 김좌진이 주도한 독립군 조직이다.,조직관계,:김좌진,,,,false,confirmed,not_applicable,directly_verified,none,북로군정서,https://encykorea.aks.ac.kr/Article/E0024657,서일·김좌진 등이 주도한 독립군 조직,"v9.1 pre-TTL cleanup; split from combined draft row | v9.3: 유지 — 근거·표현 모두 이상 없음, claim_core.csv 유지 | v9.4: claim 문장에서 '서일·'을 제거해 object_uri(:김좌진) 단독과 일치시킴. 서일과 북로군정서의 관계는 별도 Claim CLM-022a(item 43)가 이미 담당하므로 정보 손실 없음. Claim 수를 늘리지 않는 방안(A) 채택 | v9.5: date_status 공란→not_applicable 정합화. 북로군정서를 '주도한 조직'이라는 조직 성격 서술, 특정 시점의 사건이 아님",2026-08-29
10,대한민국임시정부,SRC-004,EVD-004,CLM-004,:대한민국임시정부,대한민국임시정부가 1919년 수립되었다.,수립,,1919,Year,source_stated,false,confirmed,verified,directly_verified,none,대한민국 임시정부,https://encykorea.aks.ac.kr/Article/E0015017,,"v9.1 pre-TTL cleanup; provenance retained | v9.3: 유지 — 근거·표현 모두 이상 없음, claim_core.csv 유지",2026-08-29
11,조선물산장려회,SRC-103,EVD-103,CLM-JOSEON-01,:조선물산장려회_평양,평양의 조선물산장려회는 1920년 8월에 조직되었다.,조직,:평양,1920-08,Month,source_stated,false,confirmed,verified,directly_verified,none,조선물산장려회,https://encykorea.aks.ac.kr/Article/E0052021,조만식·오윤선·김동원·김보애 등 70인이 발기·조직,"v9.1 pre-TTL cleanup; retained; exact day claim removed | v9.3: 유지 — 근거·표현 모두 이상 없음, claim_core.csv 유지",2026-08-29
13,보성사,SRC-108,EVD-108,CLM-039-01,:이종일,이종일은 1919년 당시 보성사 사장이었다.,역임,:보성사,1919,Year,source_stated,false,confirmed,verified,directly_verified,none,보성사,https://encykorea.aks.ac.kr/Article/E0023417,사장 이종일; 독립선언서를 인쇄,"v9.1 pre-TTL cleanup; provenance retained | v9.3: 유지 — 근거·표현 모두 이상 없음, claim_core.csv 유지",2026-08-29
14,3·1운동,SRC-006,EVD-006,CLM-006,:3.1운동,3·1운동은 독립만세운동이다.,해당,,,,,false,confirmed,not_applicable,directly_verified,none,3·1운동,https://encykorea.aks.ac.kr/Article/E0026772,,"v9.1 pre-TTL cleanup; provenance retained | v9.2: 컬럼 밀림(shift) 버그 수정 — CLM-006-DATE와 동일 구조로 재정렬 | v9.3: 수정 보류 — relation='해당'이 RDF 관계로는 의미가 약함. Claim 자체는 Core에 유지하되, event classification(예: rdf:type 기반 사건성격 속성)으로 재모델링하는 것을 relation vocabulary 정규화 후속 과제로 남김 | v9.5: date_status 공란→not_applicable 정합화. 3·1운동의 사건 성격을 규정하는 서술(독립만세운동이다)일 뿐, 특정 시점을 주장하지 않음",2026-08-29
14,3·1운동,SRC-006,EVD-006,CLM-006-DATE,:3.1운동,3·1운동은 1919년 3월 1일에 발생하였다.,발생,,1919-03-01,Day,source_stated,false,confirmed,verified,directly_verified,none,3·1운동,https://encykorea.aks.ac.kr/Article/E0026772,1919년 3월 1일을 기해 일어난 독립만세운동,"v9.1 pre-TTL cleanup; event date kept as separate Claim | v9.3: 유지 — 근거·표현 모두 이상 없음, claim_core.csv 유지",2026-08-29
15,안악사건,SRC-007,EVD-007,CLM-007,:안악사건,안악사건은 일제가 민족운동 세력을 탄압한 사건이다.,related_to,,1910-11,Month,source_stated,false,confirmed,verified,directly_verified,none,안악사건,https://encykorea.aks.ac.kr/Article/E0034866,"안명근이 서간도 무관학교 설립자금을 모집하다가 관련자들과 검거된 사건, 1910년 11월","v9.2: cleaned/exclusion 양쪽에서 누락되어 있던 item_no 15를 원본 근거(E0034866)로 복원 — 제외 사유가 아니라 취합 누락이었음 | v9.3: 유지 — 근거·표현 모두 이상 없음, claim_core.csv 유지",2026-08-29
16,105인사건,SRC-008,EVD-008,CLM-008,:105인사건,105인 사건은 1911년 일제가 민족주의·기독교계 항일세력을 탄압하기 위해 조작한 사건이다.,related_to,,1911,Year,source_stated,false,confirmed,verified,directly_verified,none,105인 사건,https://encykorea.aks.ac.kr/Article/E0022233,,"v9.1 pre-TTL cleanup; provenance retained | v9.3: 유지 — 근거·표현 모두 이상 없음, claim_core.csv 유지",2026-08-29
17,봉오동전투,SRC-107,EVD-107,CLM-EVENT-017,:봉오동전투,봉오동전투는 1920년 6월에 발생하였다.,발생,,1920-06,Month,source_stated,false,confirmed,verified,directly_verified,none,봉오동전투,https://encykorea.aks.ac.kr/Article/E0023974,1920년 만주 봉오동에서 독립군이 일본군을 대패시킨 전투,"v9.1 pre-TTL cleanup; provenance retained | v9.3: 유지 — 근거·표현 모두 이상 없음, claim_core.csv 유지",2026-08-29
19,물산장려운동,SRC-010,EVD-010,CLM-010,:조선물산장려운동,조선물산장려운동은 1920년대 초부터 전개된 경제자립운동이다.,related_to,,,,,false,confirmed,not_applicable,directly_verified,none,조선물산장려운동,https://encykorea.aks.ac.kr/Article/E0052020,조선물산장려회와는 별개 항목,"v9.1 pre-TTL cleanup; provenance retained | v9.2: 비표준 precision(Decade) 재제거 | v9.3: 수정 확인 — 비표준 date_precision(Decade)이 이미 제거된 상태임을 재확인. Claim 자체('조선물산장려운동이 1920년대 초부터 전개되었다')는 Core에 유지하고, 근거 없는 날짜 assertion만 배제한 것이지 Claim을 제외한 것이 아님(Rule G-03) | v9.4: date_status를 verified→not_applicable로 정정 — date_value가 없는데 '검증됨'이라고 한 것은 논리 오류. 신규 vocab 'not_applicable'=날짜 assertion 자체가 이 Claim에 없음. (CLM-046/035/KIM-01/KIM-02/047의 not_directly_verified는 유지 — 이들은 '날짜가 있을 법한데 아직 못 찾음'이라는 다른 의미이므로 오류 아님)",2026-08-29
21,안창호,SRC-011,EVD-011,CLM-011,:안창호,안창호는 대성학교를 설립하였다.,설립,:대성학교,,,,false,confirmed,not_directly_verified,directly_verified,none,안창호,https://encykorea.aks.ac.kr/Article/E0035050,,"v9.1 pre-TTL cleanup; provenance retained | v9.3: 유지 — 대성학교 설립 관련 중복 가능 Claim(CLM-002/CLM-011)으로 식별됨. 지금 병합하면 개별 Evidence를 잃으므로, 두 Claim과 Evidence를 각각 보존한 채 '동일 Claim+복수 Evidence' 통합 여부는 후속 provenance 정리 과제로 유보 | v9.5: date_status 공란→not_directly_verified 정합화. 대성학교 설립은 특정 시점에 일어난 사건이나, 정확한 날짜를 직접 확인하지 못함",2026-08-29
22,조만식,SRC-012,EVD-012,CLM-012,:조만식,조만식은 1920년 평양 조선물산장려회 조직에 참여하였다.,참여,:조선물산장려회_평양,1920,Year,source_stated,false,confirmed,verified,directly_verified,none,조만식,https://encykorea.aks.ac.kr/Article/E0051729,,"v9.1 pre-TTL cleanup; normalized object URI to place-specific entity | v9.3: 수정 확인 — object_uri가 이미 :조선물산장려회_평양(평양 지역 엔티티)로 정규화되어 있음을 재확인, 추가 변경 없음",2026-08-29
23,유영모,SRC-013,EVD-013,CLM-013,:유영모,유영모는 오산학교에서 재직하였다.,재직,:오산학교,,,,false,confirmed,not_directly_verified,directly_verified,none,유영모,https://encykorea.aks.ac.kr/Article/E0041674,,"v9.1 pre-TTL cleanup; provenance retained | v9.3: 유지 — 근거·표현 모두 이상 없음, claim_core.csv 유지 | v9.5: date_status 공란→not_directly_verified 정합화. 재직은 시작 시점이 존재하는 사건이나, 정확한 날짜를 직접 확인하지 못함",2026-08-29
25,양기탁,SRC-001,EVD-001,CLM-046,:양기탁,양기탁은 신민회에 소속되어 핵심 인물로 활동하였다.,소속,:신민회,,,,false,confirmed_indirect,not_directly_verified,directly_verified,none,신민회,https://encykorea.aks.ac.kr/Article/E0032974,신민회 공식 명단에서 확인; EVD-001 재사용,"v9.1 pre-TTL cleanup; 1 Evidence→N Claim retained | v9.3: 유지 — 근거·표현 모두 이상 없음, claim_core.csv 유지 | v9.4: claim 문장에 '소속되어'를 명시해 relation(소속)과의 의미 간극을 좁힘",2026-08-29
26,안명근,SRC-014,EVD-014,CLM-014,:안악사건,안악사건은 이후 105인 사건으로 이어지는 계기 가운데 하나로 언급된다.,related_to,:105인사건,1910-11,Month,source_stated,false,confirmed,verified,directly_verified,none,안명근,https://encykorea.aks.ac.kr/Article/E0034719,,"v9.1 pre-TTL cleanup; provenance retained | v9.3: 유지 — 근거·표현 모두 이상 없음, claim_core.csv 유지 | v9.4: subject_uri를 :안명근(인물)에서 :안악사건(사건)으로 정정 — claim 문장의 실제 주어와 일치시킴. object_uri=:105인사건 추가(relation=related_to 대상 명시). item_no/item_name(26/안명근)은 원본 매핑 출처이므로 유지, subject 엔티티와는 의도적으로 다름을 기록",2026-08-29
27,홍범도,SRC-106,EVD-106,CLM-027-04,:홍범도,홍범도는 봉오동전투에서 독립군을 이끌었다.,참여,:봉오동전투,,,,false,confirmed,not_applicable,directly_verified,none,홍범도,https://encykorea.aks.ac.kr/Article/E0064093,,"v9.1 pre-TTL cleanup; retained; inferred personal date Claim removed | v9.3: 유지 — 근거·표현 모두 이상 없음, claim_core.csv 유지 | v9.5: date_status 공란→not_applicable 정합화. 참여 사실 자체에는 날짜를 부여하지 않음(Rule G-02, 사건일은 별도 CLM-EVENT-017이 담당)",2026-08-29
29,최광옥,SRC-001,EVD-001,CLM-035,:최광옥,최광옥이 신민회에 소속되어 활동하였다.,소속,:신민회,,,,false,confirmed_indirect,not_directly_verified,directly_verified,none,신민회,https://encykorea.aks.ac.kr/Article/E0032974,신민회 공식 명단에서 확인; EVD-001 재사용,v9.1 pre-TTL cleanup; retained as indirectly confirmed from membership list | v9.3: 수정 — claim 문장을 relation(소속)과 일치하도록 '최광옥이 신민회 민족운동 활동과 관련되었다.' → '최광옥이 신민회에 소속되어 활동하였다.'으로 정규화,2026-08-29
32,이종호,SRC-016,EVD-016,CLM-016,:이종호,이종호는 신민회에 소속되어 중심 인물로 활동하였다.,소속,:신민회,,,,false,confirmed,not_directly_verified,directly_verified,none,이종호,https://encykorea.aks.ac.kr/Article/E0045955,,"v9.1 pre-TTL cleanup; provenance retained | v9.3: 유지 — 근거·표현 모두 이상 없음, claim_core.csv 유지 | v9.4: claim 문장에 '소속되어'를 명시해 relation(소속)과의 의미 간극을 좁힘 (CLM-046과 동일 패턴 일괄 정규화) | v9.5: date_status 공란→not_directly_verified 정합화. 신민회 소속(가입)은 특정 시점에 일어난 사건이나, 정확한 날짜를 직접 확인하지 못함",2026-08-29
33,손병희,SRC-017,EVD-017,CLM-017,:손병희,손병희는 3·1운동 추진 과정에서 천도교측 주도체의 중심 인물이었다.,참여,:3.1운동,,,,false,confirmed,not_applicable,directly_verified,none,손병희,https://encykorea.aks.ac.kr/Article/E0030507,,"v9.1 pre-TTL cleanup; provenance retained | v9.3: 유지 — 근거·표현 모두 이상 없음, claim_core.csv 유지 | v9.5: date_status 공란→not_applicable 정합화. 3·1운동 참여 사실. 개인 참여일을 사건일(1919-03-01)에서 자동상속하지 않음(Rule G-02)",2026-08-29
34,이회영,SRC-018,EVD-018,CLM-018,:이회영,이회영은 신민회에 소속되어 중심 인물로 활동하였다.,소속,:신민회,,,,false,confirmed,not_directly_verified,directly_verified,none,이회영,https://encykorea.aks.ac.kr/Article/E0046635,,"v9.1 pre-TTL cleanup; provenance retained | v9.3: 유지 — 근거·표현 모두 이상 없음, claim_core.csv 유지 | v9.4: claim 문장에 '소속되어'를 명시해 relation(소속)과의 의미 간극을 좁힘 (CLM-046과 동일 패턴 일괄 정규화) | v9.5: date_status 공란→not_directly_verified 정합화. 신민회 소속(가입)은 특정 시점에 일어난 사건이나, 정확한 날짜를 직접 확인하지 못함",2026-08-29
35,이시영,SRC-019,EVD-019,CLM-019,:이시영,이시영은 신민회에 소속되어 중심 인물로 활동하였다.,소속,:신민회,,,,false,confirmed,not_directly_verified,directly_verified,none,이시영,https://encykorea.aks.ac.kr/Article/E0044990,,"v9.1 pre-TTL cleanup; provenance retained | v9.3: 유지 — 근거·표현 모두 이상 없음, claim_core.csv 유지 | v9.4: claim 문장에 '소속되어'를 명시해 relation(소속)과의 의미 간극을 좁힘 (CLM-046과 동일 패턴 일괄 정규화) | v9.5: date_status 공란→not_directly_verified 정합화. 신민회 소속(가입)은 특정 시점에 일어난 사건이나, 정확한 날짜를 직접 확인하지 못함",2026-08-29
39,이종일,SRC-109,EVD-109,CLM-039-02,:이종일,이종일이 1919년 2월 27일 보성사에서 독립선언서 인쇄를 주도하였다.,인쇄주도,:독립선언서,1919-02-27,Day,source_stated,false,confirmed,verified,directly_verified,none,이종일,https://encykorea.aks.ac.kr/Article/E0045940,우리역사넷 사료에서도 동일 사실 교차확인,"v9.1 pre-TTL cleanup; cross-source corroboration retained | v9.3: 유지 — 근거·표현 모두 이상 없음, claim_core.csv 유지",2026-08-29
40,한용운,SRC-006,EVD-006,CLM-020,:한용운,한용운은 3·1운동에 참여한 민족대표 가운데 한 사람이다.,참여,:3.1운동,,,,false,confirmed,not_applicable,directly_verified,none,3·1운동,https://encykorea.aks.ac.kr/Article/E0026772,,"v9.1 pre-TTL cleanup; provenance retained | v9.3: 유지 — 근거·표현 모두 이상 없음, claim_core.csv 유지 | v9.5: date_status 공란→not_applicable 정합화. 3·1운동 참여 사실. 개인 참여일을 사건일에서 자동상속하지 않음(Rule G-02)",2026-08-29
41,오세창,SRC-006,EVD-006,CLM-021,:오세창,오세창은 3·1운동 추진 과정에서 천도교측 주도체의 중심 인물이었다.,참여,:3.1운동,,,,false,confirmed,not_applicable,directly_verified,none,3·1운동,https://encykorea.aks.ac.kr/Article/E0026772,3·1독립선언서(E0026764)에서도 교차확인,"v9.1 pre-TTL cleanup; cross-reference note retained | v9.3: 유지 — 근거·표현 모두 이상 없음, claim_core.csv 유지 | v9.5: date_status 공란→not_applicable 정합화. 3·1운동 참여 사실. 개인 참여일을 사건일에서 자동상속하지 않음(Rule G-02)",2026-08-29
42,김좌진,SRC-111,EVD-111,CLM-KIM-01,:김좌진,김좌진이 신민회에 가입하였다.,가입,:신민회,,,,false,confirmed,not_directly_verified,directly_verified,none,김좌진,https://encykorea.aks.ac.kr/Article/E0010528,신민회에 가입하였고 청년학우회에서도 활동,"v9.1 pre-TTL cleanup; 1 Evidence→N Claim retained | v9.3: 유지 — 근거·표현 모두 이상 없음, claim_core.csv 유지",2026-08-29
42,김좌진,SRC-111,EVD-111,CLM-KIM-02,:김좌진,김좌진이 청년학우회에서 활동하였다.,활동,:청년학우회,,,,false,confirmed,not_directly_verified,directly_verified,none,김좌진,https://encykorea.aks.ac.kr/Article/E0010528,동일 문장이 CLM-KIM-01·02 두 Claim을 지지,"v9.1 pre-TTL cleanup; 1 Evidence→N Claim retained | v9.3: 유지 — 근거·표현 모두 이상 없음, claim_core.csv 유지",2026-08-29
43,서일,SRC-112,EVD-112,CLM-022a,:서일,서일은 북로군정서와 관련된 독립운동가이다.,related_to,:북로군정서,,,,false,confirmed,not_applicable,directly_verified,none,북로군정서,https://encykorea.aks.ac.kr/Article/E0024657,,"v9.1 pre-TTL cleanup; split from combined draft row | v9.3: 유지 — 근거·표현 모두 이상 없음, claim_core.csv 유지 | v9.5: date_status 공란→not_applicable 정합화. 북로군정서와의 '관련' 성격을 서술할 뿐, 특정 시점의 사건이 아님",2026-08-29
45,이승만,SRC-113,EVD-113,CLM-023,:이승만,이승만은 대한민국임시정부와 관련된 독립운동가이다.,related_to,:대한민국임시정부,1919-09-11,Day,source_stated,false,confirmed,verified,directly_verified,none,대한민국 임시정부 헌법,https://encykorea.aks.ac.kr/Article/E0015021,대한민국임시정부 헌법의 국무원 구성 관련 근거; source/evidence를 헌법 항목에 맞게 정정,"v9.1 pre-TTL cleanup; corrected source/evidence mapping from draft | v9.2: source_id/evidence_id를 SRC-004→SRC-113으로 재정렬(URL 불일치 재발 수정) | v9.3: 유지 — 근거·표현 모두 이상 없음, claim_core.csv 유지",2026-08-29
47,최린,SRC-024,EVD-024,CLM-024,:최린,최린은 3·1운동 추진 과정에서 천도교측 주도체에 합류하였다.,참여,:3.1운동,,,,false,confirmed,not_applicable,directly_verified,none,최린,https://encykorea.aks.ac.kr/Article/E0057276,,"v9.1 pre-TTL cleanup; provenance retained | v9.3: 유지 — 근거·표현 모두 이상 없음, claim_core.csv 유지 | v9.5: date_status 공란→not_applicable 정합화. 3·1운동 참여 사실. 개인 참여일을 사건일에서 자동상속하지 않음(Rule G-02)",2026-08-29
48,정춘수,SRC-006,EVD-006,CLM-025,:정춘수,정춘수는 3·1운동 민족대표 33인 가운데 한 사람이다.,참여,:3.1운동,,,,false,confirmed,not_applicable,directly_verified,none,3·1운동,https://encykorea.aks.ac.kr/Article/E0026772,,"v9.1 pre-TTL cleanup; provenance retained | v9.3: 유지 — 근거·표현 모두 이상 없음, claim_core.csv 유지 | v9.5: date_status 공란→not_applicable 정합화. 3·1운동 참여 사실. 개인 참여일을 사건일에서 자동상속하지 않음(Rule G-02)",2026-08-29
